{"message_ids": {"om_x100b6f484b3f3ca4e2f9f89cc544465": 1778892895.6495087, "om_x100b6f48480f94ace12c9b320b86798": 1778892908.622519, "om_x100b6f485e3a54a0e2d0373edd52509": 1778893071.9979808, "om_x100b6f4814cfdca0e2d596f630539de": 1778894240.6206517, "om_x100b6f4813ddaca0e12785a99f61ded": 1778894289.5688012, "om_x100b6fbc5092a0a0e2d7d46ac3daafa": 1778942438.43996, "om_x100b6fbc6f8b58a8e2da38f1df0db3c": 1778942485.066835, "om_x100b6fbc68ad04a4e12c7876a400a39": 1778942566.5945725}}