{"message_ids": {"om_x100b6f484b3f3ca4e2f9f89cc544465": 1778892895.6495087, "om_x100b6f48480f94ace12c9b320b86798": 1778892908.622519, "om_x100b6f485e3a54a0e2d0373edd52509": 1778893071.9979808, "om_x100b6f4814cfdca0e2d596f630539de": 1778894240.6206517, "om_x100b6f4813ddaca0e12785a99f61ded": 1778894289.5688012, "om_x100b6fbc5092a0a0e2d7d46ac3daafa": 1778942438.43996, "om_x100b6fbc6f8b58a8e2da38f1df0db3c": 1778942485.066835, "om_x100b6fbc68ad04a4e12c7876a400a39": 1778942566.5945725, "om_x100b6fbbabc7cca0e2dcc7b63ee64fa": 1778974289.0758636, "om_x100b6fbbb3f864a0e2be28a3290598a": 1778974675.844591, "om_x100b6fa4479360a4e12e085c5638b4a": 1778974870.5983624, "om_x100b6fa45d94fca0e12c7ba6f9604ba": 1778975030.1228569}}