{
  "feishu:ou_bb8ff93a11a05aaf02d166af4f374000": 1776558598.4767222,
  "_failures:feishu": 2,
  "feishu:2ce46gf7": 1776995685.347868,
  "feishu:328aeeee": 1777214035.1179938
}